{
	"information_for_contributors": [
		" this file concerning arrayforth style"
	],
	"version": "0.1",
	"fileTypes": [
		"tpl",
		"ga",
		"f"
	],
	"$schema": "https://raw.githubusercontent.com/martinring/tmlanguage/master/tmlanguage.json",
	"name": "TPL Programming Language",
	"scopeName": "source.tpl",
	"patterns": [
		{
			"include": "#comment"
		},
		{
			"include": "#transfer"
		},
		{
			"include": "#data"
		},
		{
			"include": "#alu"
		},
		{
			"include": "#interface"
		},
		{
			"include": "#newword"
		},
		{
			"include": "#node"
		},
		{
			"include": "#other"
		},
		{
			"include": "#hexa"
		},
		{
			"include": "#number"
		}
	],
	"repository": {
		"comment": {
			"patterns": [
				{
					"match": "(//).*$",
					"name": "comment.tpl"
				},
				{
					"match": "#.*$",
					"name": "comment_diese.tpl"
				},
				{
					"match": "(\\\\).*$",
					"name": "comment_unslash.tpl"
				},
				{
					"match": "(?<=^|\\s)(\\.?\\( [^)]*\\))",
					"name": "comment_line_parantheses.tpl"
				}
			]
		},
		"transfer": {
			"patterns": [
				{
					"match": "(;|ex|jump|call|unext|next|if|-if|then|else)(?=\\s)",
					"name": "transfer.tpl"
				}
			]
		},
		"data": {
			"patterns": [
				{
					"match": "(@p|@+|@b|@|!p|!+|!b|(\\S!))(?=\\s)",
					"name": "data.tpl"
				}
			]
		},
		"alu": {
			"patterns": [
				{
					"match": "(?<=^|\\s)(?i:(\\+\\*|(2\\*)|(2\\/)|\\-|\\+|and|or|drop|dup|pop|>r|r>|over|a|push|b!|a!|inv))(?=\\s)",
					"name": "alu.tpl"
				}
			]
		},
		"interface": {
			"patterns": [
				{
					"match": "(^|\\W)(io|south|east|left|north|up|down)(?=\\s)",
					"name": "interface.tpl"
				}
			]
		},
		"newword": {
			"patterns": [
				{
					"match": "(\\:\\s\\w*)(?=\\s)",
					"name": "newword.tpl"
				}
			]
		},
		"node": {
			"patterns": [
				{
					"match": "\\b[0-7][0-1][0-9]\\b",
					"name": "node.tpl"
				}
			]
		},
		"other": {
			"patterns": [
				{
					"match": "\\b(link|node|require|include)\\b",
					"name": "other.tpl"
				}
			]
		},
		"hexa": {
			"patterns": [
				{
					"match": "(\\$\\h+)|((0(x|X))\\h+)",
					"name": "hexa.tpl"
				}
			]
		},
		"number": {
			"patterns": [
				{
					"match": "(\\d+)",
					"name": "number.tpl"
				}
			]
		}
	}
}